{"cameraMode":{"drawMode":0,"name":"Shaded","section":"Shading Mode"},"sceneLighting":true,"audioPlay":false,"sceneViewState":{"showFog":true,"showMaterialUpdate":false,"showSkybox":true,"showFlares":true,"showImageEffects":true,"showParticleSystems":true},"in2DMode":false,"pivot":{"x":-4.1465067863464359,"y":-2.188081741333008,"z":-1.6985491514205933},"rotation":{"x":-0.018435988575220109,"y":0.7229854464530945,"z":-0.6903477907180786,"w":-0.01930772140622139},"size":21.133766174316408,"orthographic":false}